name,incident,service,alert
Person 1,0,0,0
Person 2,0,0,0
Person 3,0,0,0
Person 4,0,0,0
Person 5,0,0,0
Person 6,0,0,0
Person 7,0,0,0
Person 8,0,0,0
Person 9,0,0,0
Person 10,0,0,0
Person 11,0,0,0
Person 12,0,0,0
Person 13,0,0,0
Person 14,0,0,0
Person 15,0,0,0
Person 16,0,0,0
Person 17,0,0,0
Person 18,0,0,0
Person 19,0,0,0
Person 20,0,0,0
Person 21,0,0,0
Person 22,0,0,0
Person 23,0,0,0
Person 24,0,0,0
Person 25,0,0,0
Person 26,0,0,0
Person 27,0,0,0
Person 28,0,0,0
Person 29,0,0,0
Person 30,0,0,0
